Cores , Time (sec)
112 , 1968.255005
14 , 9382.440430
1 , 128958.109375
224 , 1116.147339
28 , 6122.225098
2 , 64110.359375
448 , 753.212036
4 , 31977.007812
56 , 3323.372070
8 , 16620.882812
