Cores,Time (sec)
112,268.033997
14,729.573975
1,8228.797852
224,363.560150
28,475.118439
2,4208.583984
448,538.233215
4,2184.592529
56,319.245209
896,849.260193
8,1146.528076
