Cores,Time (sec)
112,267.854889
14,692.267029
1,8343.302734
224,339.597656
28,493.787506
2,3910.029785
4,2150.045898
56,325.015656
8,1148.375366
