Cores,Time (sec)
16,17881.958984
192,1914.864990
1,229158.343750
288,1495.387695
2,116270.406250
32,8321.948242
384,1454.543579
480,1343.708740
4,59746.203125
576,1405.606445
64,5131.942871
672,1277.746948
768,1274.740479
864,1255.180420
8,30614.781250
96,4123.492188
