Cores,Time (sec)
112,4557.256836
14,27146.322266
1,354464.187500
224,1827.852905
28,14502.306641
2,176100.890625
448,1273.396606
4,90620.312500
56,8182.942871
8,46195.292969
