Cores , Time (sec)
112 , 822.962891
14 , 3209.629639
1 , 41749.429688
224 , 411.704407
28 , 1884.343140
2 , 21138.314453
448 , 348.213135
4 , 10841.253906
56 , 1355.792114
8 , 5606.689453
