Cores , Time (sec)
112 , 748.711182
14 , 2072.727051
1 , 26369.097656
224 , 533.429871
28 , 1264.906982
2 , 13284.985352
448 , 643.111023
4 , 6869.743164
56 , 1039.101807
8 , 3490.338623
